-- MySQL dump 10.13  Distrib 5.6.21, for osx10.8 (x86_64)
--
-- Host: localhost    Database: ibd_psql_e1
-- ------------------------------------------------------
-- Server version	5.6.21

/*!40101 SET @OLD_CHARACTER_SET_CLIENT=@@CHARACTER_SET_CLIENT */;
/*!40101 SET @OLD_CHARACTER_SET_RESULTS=@@CHARACTER_SET_RESULTS */;
/*!40101 SET @OLD_COLLATION_CONNECTION=@@COLLATION_CONNECTION */;
/*!40101 SET NAMES utf8 */;
/*!40103 SET @OLD_TIME_ZONE=@@TIME_ZONE */;
/*!40103 SET TIME_ZONE='+00:00' */;
/*!40014 SET @OLD_UNIQUE_CHECKS=@@UNIQUE_CHECKS, UNIQUE_CHECKS=0 */;
/*!40014 SET @OLD_FOREIGN_KEY_CHECKS=@@FOREIGN_KEY_CHECKS, FOREIGN_KEY_CHECKS=0 */;
/*!40101 SET @OLD_SQL_MODE=@@SQL_MODE, SQL_MODE='NO_AUTO_VALUE_ON_ZERO' */;
/*!40111 SET @OLD_SQL_NOTES=@@SQL_NOTES, SQL_NOTES=0 */;

--
-- Table structure for table `copia`
--

DROP TABLE IF EXISTS `copia`;
/*!40101 SET @saved_cs_client     = @@character_set_client */;
/*!40101 SET character_set_client = utf8 */;
CREATE TABLE `copia` (
  `id` int(10) unsigned NOT NULL AUTO_INCREMENT,
  `isbn` varchar(50) DEFAULT NULL,
  `estado` tinyint(1) DEFAULT NULL,
  `libro_id` int(10) unsigned NOT NULL,
  PRIMARY KEY (`id`),
  KEY `index_copia_libro` (`libro_id`),
  CONSTRAINT `copia_libro_fk` FOREIGN KEY (`libro_id`) REFERENCES `libros` (`id`) ON DELETE NO ACTION ON UPDATE NO ACTION
) ENGINE=InnoDB AUTO_INCREMENT=378 DEFAULT CHARSET=utf8;
/*!40101 SET character_set_client = @saved_cs_client */;

--
-- Dumping data for table `copia`
--

LOCK TABLES `copia` WRITE;
/*!40000 ALTER TABLE `copia` DISABLE KEYS */;
INSERT INTO `copia` VALUES (1,'732981855-0',1,3),(2,'732981855-0',1,3),(3,'749196479-6',1,4),(4,'749196479-6',0,4),(5,'749196479-6',1,4),(6,'180917144-X',0,6),(7,'722595873-9',0,9),(8,'722595873-9',1,9),(9,'722595873-9',0,9),(10,'722595873-9',1,9),(11,'962323528-3',1,11),(12,'310468692-0',1,12),(13,'310468692-0',0,12),(14,'310468692-0',0,12),(15,'310468692-0',1,12),(16,'916603453-1',0,13),(17,'916603453-1',1,13),(18,'603116674-7',1,14),(19,'603116674-7',1,14),(20,'352913581-X',1,15),(21,'352913581-X',0,15),(22,'290030093-2',0,16),(23,'290030093-2',1,16),(24,'620768478-8',1,17),(25,'620768478-8',0,17),(26,'620768478-8',1,17),(27,'280510079-4',0,18),(28,'073033178-4',1,19),(29,'073033178-4',1,19),(30,'073033178-4',1,19),(31,'073033178-4',0,19),(32,'869053139-4',0,20),(33,'869053139-4',0,20),(34,'166406298-X',0,22),(35,'166406298-X',1,22),(36,'422968922-5',0,23),(37,'422968922-5',1,23),(38,'422968922-5',1,23),(39,'422968922-5',0,23),(40,'486356659-X',1,24),(41,'486356659-X',0,24),(42,'486356659-X',0,24),(43,'016557520-4',0,27),(44,'016557520-4',1,27),(45,'016557520-4',1,27),(46,'612760623-3',0,28),(47,'612760623-3',1,28),(48,'612760623-3',0,28),(49,'413820884-4',1,29),(50,'030908297-8',0,30),(51,'158854906-2',1,33),(52,'158854906-2',0,33),(53,'158854906-2',0,33),(54,'715042329-9',1,35),(55,'715042329-9',1,35),(56,'715042329-9',1,35),(57,'722705526-4',0,36),(58,'722705526-4',1,36),(59,'722705526-4',1,36),(60,'446911544-4',1,37),(61,'621466044-9',1,38),(62,'621466044-9',1,38),(63,'621466044-9',0,38),(64,'621466044-9',1,38),(65,'722735901-8',1,39),(66,'861170139-9',0,40),(67,'861170139-9',1,40),(68,'861170139-9',1,40),(69,'861170139-9',1,40),(70,'757483378-8',1,41),(71,'018234503-3',1,42),(72,'018234503-3',0,42),(73,'224683931-9',1,45),(74,'284907066-1',1,46),(75,'284907066-1',1,46),(76,'284907066-1',1,46),(77,'681037011-0',0,47),(78,'681037011-0',1,47),(79,'625002722-X',0,49),(80,'661292181-1',1,50),(81,'661292181-1',1,50),(82,'661292181-1',0,50),(83,'247157471-8',1,51),(84,'247157471-8',1,51),(85,'247157471-8',0,51),(86,'247157471-8',0,51),(87,'891181735-X',0,52),(88,'026562069-4',0,53),(89,'026562069-4',0,53),(90,'520649950-1',1,54),(91,'113653076-2',1,55),(92,'113653076-2',1,55),(93,'113653076-2',1,55),(94,'960862952-7',0,57),(95,'960862952-7',1,57),(96,'960862952-7',0,57),(97,'960862952-7',0,57),(98,'712643040-X',0,59),(99,'817138490-0',1,60),(100,'817138490-0',1,60),(101,'817138490-0',1,60),(102,'817138490-0',1,60),(103,'498742304-9',0,61),(104,'498742304-9',0,61),(105,'907125101-2',1,62),(106,'907125101-2',1,62),(107,'907125101-2',1,62),(108,'907125101-2',1,62),(109,'077136895-X',1,63),(110,'077136895-X',0,63),(111,'077136895-X',0,63),(112,'131617713-0',1,65),(113,'131617713-0',1,65),(114,'901067101-1',0,66),(115,'901067101-1',1,66),(116,'901067101-1',0,66),(117,'151882915-5',1,67),(118,'151882915-5',1,67),(119,'151882915-5',0,67),(120,'474840496-5',0,68),(121,'474840496-5',1,68),(122,'474840496-5',0,68),(123,'101166739-8',1,70),(124,'101166739-8',0,70),(125,'885880588-7',0,71),(126,'885880588-7',1,71),(127,'885880588-7',1,71),(128,'947325597-7',1,72),(129,'947325597-7',1,72),(130,'947325597-7',1,72),(131,'620533726-6',1,73),(132,'620533726-6',0,73),(133,'620533726-6',0,73),(134,'915404971-7',0,74),(135,'747264010-7',1,75),(136,'527659843-6',1,76),(137,'527659843-6',0,76),(138,'527659843-6',1,76),(139,'527659843-6',1,76),(140,'948070235-5',0,77),(141,'948070235-5',0,77),(142,'948070235-5',1,77),(143,'948070235-5',0,77),(144,'395648975-6',1,78),(145,'249068114-1',1,79),(146,'249068114-1',1,79),(147,'543417377-5',1,80),(148,'543417377-5',1,80),(149,'543417377-5',1,80),(150,'518240982-6',0,81),(151,'518240982-6',0,81),(152,'518240982-6',1,81),(153,'518240982-6',1,81),(154,'112445502-7',1,82),(155,'112445502-7',0,82),(156,'112445502-7',0,82),(157,'112445502-7',0,82),(158,'050076394-1',0,83),(159,'050076394-1',1,83),(160,'050076394-1',0,83),(161,'092114777-5',0,84),(162,'092114777-5',0,84),(163,'915979048-2',1,85),(164,'750085708-X',1,86),(165,'750085708-X',0,86),(166,'750085708-X',1,86),(167,'492121410-7',0,87),(168,'901616303-4',0,88),(169,'901616303-4',0,88),(170,'901616303-4',1,88),(171,'550734626-7',0,89),(172,'720155663-0',1,90),(173,'935628473-3',0,91),(174,'935628473-3',1,91),(175,'440281102-3',0,94),(176,'440281102-3',0,94),(177,'440281102-3',1,94),(178,'376428939-2',1,96),(179,'376428939-2',0,96),(180,'376428939-2',0,96),(181,'376428939-2',0,96),(182,'789906178-4',1,97),(183,'789906178-4',1,97),(184,'966939404-X',0,98),(185,'966939404-X',1,98),(186,'966939404-X',0,98),(187,'966939404-X',0,98),(188,'612422433-X',1,99),(189,'612422433-X',1,99),(190,'612422433-X',0,99),(191,'044705738-3',1,101),(192,'044705738-3',0,101),(193,'594598533-3',0,102),(194,'838397267-9',1,104),(195,'838397267-9',0,104),(196,'918174863-9',0,105),(197,'918174863-9',0,105),(198,'149674259-1',1,106),(199,'474404311-9',1,107),(200,'474404311-9',0,107),(201,'870293221-0',1,108),(202,'870293221-0',1,108),(203,'505904810-1',0,109),(204,'505904810-1',1,109),(205,'505904810-1',0,109),(206,'094249820-8',1,110),(207,'094249820-8',0,110),(208,'710986751-X',0,112),(209,'710986751-X',1,112),(210,'710986751-X',0,112),(211,'710986751-X',0,112),(212,'306964712-X',0,113),(213,'306964712-X',1,113),(214,'306964712-X',0,113),(215,'446910998-3',0,114),(216,'316566492-7',0,115),(217,'024306007-6',0,116),(218,'024306007-6',1,116),(219,'024306007-6',1,116),(220,'024306007-6',0,116),(221,'250199424-8',1,117),(222,'250199424-8',0,117),(223,'242246474-2',0,118),(224,'329990206-7',0,119),(225,'427565759-4',1,120),(226,'427565759-4',0,120),(227,'427565759-4',1,120),(228,'427565759-4',0,120),(229,'448736620-8',0,121),(230,'448736620-8',0,121),(231,'448736620-8',1,121),(232,'661020392-X',0,124),(233,'661020392-X',1,124),(234,'661020392-X',1,124),(235,'025090428-4',1,125),(236,'176483743-6',0,126),(237,'100472621-X',1,128),(238,'100472621-X',0,128),(239,'735551262-5',1,129),(240,'735551262-5',0,129),(241,'735551262-5',1,129),(242,'735551262-5',0,129),(243,'194151820-6',1,130),(244,'360875917-4',0,131),(245,'360875917-4',1,131),(246,'360875917-4',1,131),(247,'360875917-4',0,131),(248,'804213469-X',0,132),(249,'241533380-8',0,133),(250,'241533380-8',1,133),(251,'451491368-5',1,134),(252,'451491368-5',0,134),(253,'359789632-4',0,135),(254,'359789632-4',0,135),(255,'746924159-0',0,136),(256,'746924159-0',0,136),(257,'832473417-1',1,137),(258,'832473417-1',1,137),(259,'632232635-X',0,138),(260,'588198683-0',1,139),(261,'588198683-0',0,139),(262,'422199339-1',1,140),(263,'388146774-2',0,141),(264,'870904261-X',1,142),(265,'870904261-X',0,142),(266,'766590962-0',1,144),(267,'323419309-6',0,146),(268,'868735130-5',0,147),(269,'868735130-5',0,147),(270,'868735130-5',0,147),(271,'529802967-1',0,148),(272,'863008158-9',1,149),(273,'798433212-6',0,150),(274,'798433212-6',0,150),(275,'798433212-6',1,150),(276,'798433212-6',1,150),(277,'840666677-3',1,151),(278,'906225408-X',1,152),(279,'493502908-0',1,153),(280,'493502908-0',0,153),(281,'042049541-X',1,154),(282,'042049541-X',1,154),(283,'042049541-X',0,154),(284,'042049541-X',1,154),(285,'752043855-4',1,155),(286,'752043855-4',1,155),(287,'752043855-4',1,155),(288,'429576216-4',1,156),(289,'016389297-0',1,158),(290,'016389297-0',0,158),(291,'016389297-0',1,158),(292,'016389297-0',1,158),(293,'767383826-5',1,159),(294,'394349307-5',1,161),(295,'394349307-5',1,161),(296,'394349307-5',0,161),(297,'394349307-5',1,161),(298,'717380462-0',1,162),(299,'027484776-0',0,164),(300,'529599547-X',1,166),(301,'529599547-X',0,166),(302,'529599547-X',1,166),(303,'529599547-X',1,166),(304,'287470124-6',1,167),(305,'287470124-6',1,167),(306,'367794881-9',1,168),(307,'367794881-9',1,168),(308,'367794881-9',0,168),(309,'367794881-9',0,168),(310,'030871052-5',1,169),(311,'030871052-5',1,169),(312,'270615635-X',0,171),(313,'270615635-X',1,171),(314,'270615635-X',0,171),(315,'270615635-X',1,171),(316,'820900131-0',1,172),(317,'820900131-0',1,172),(318,'470435750-3',1,173),(319,'470435750-3',1,173),(320,'470435750-3',0,173),(321,'713314609-6',0,174),(322,'713314609-6',1,174),(323,'713314609-6',0,174),(324,'395426501-X',1,175),(325,'395426501-X',0,175),(326,'008556000-6',0,176),(327,'008556000-6',1,176),(328,'197931851-4',1,177),(329,'197931851-4',0,177),(330,'197931851-4',0,177),(331,'707262938-6',1,178),(332,'707262938-6',0,178),(333,'707262938-6',1,178),(334,'954387824-2',1,179),(335,'954387824-2',1,179),(336,'954387824-2',1,179),(337,'191985104-6',0,180),(338,'326951468-9',0,181),(339,'326951468-9',1,181),(340,'326951468-9',0,181),(341,'326951468-9',1,181),(342,'821940060-9',1,182),(343,'821940060-9',0,182),(344,'821940060-9',1,182),(345,'350617321-9',1,184),(346,'350617321-9',1,184),(347,'436007981-8',0,186),(348,'436007981-8',1,186),(349,'436007981-8',0,186),(350,'996377745-7',0,187),(351,'996377745-7',0,187),(352,'996377745-7',1,187),(353,'996377745-7',0,187),(354,'787810080-2',1,188),(355,'076602224-2',0,189),(356,'076602224-2',0,189),(357,'076602224-2',0,189),(358,'781369159-8',0,190),(359,'781369159-8',1,190),(360,'781369159-8',1,190),(361,'424555118-6',0,191),(362,'431732292-7',1,193),(363,'996072055-1',1,194),(364,'996072055-1',1,194),(365,'259575648-6',0,195),(366,'440326604-5',0,197),(367,'440326604-5',0,197),(368,'723328824-0',1,198),(369,'723328824-0',0,198),(370,'723328824-0',1,198),(371,'723328824-0',0,198),(372,'023015898-6',1,199),(373,'023015898-6',1,199),(374,'023015898-6',1,199),(375,'023015898-6',1,199),(376,'015618345-5',0,200),(377,'015618345-5',0,200);
/*!40000 ALTER TABLE `copia` ENABLE KEYS */;
UNLOCK TABLES;

--
-- Table structure for table `editorials`
--

DROP TABLE IF EXISTS `editorials`;
/*!40101 SET @saved_cs_client     = @@character_set_client */;
/*!40101 SET character_set_client = utf8 */;
CREATE TABLE `editorials` (
  `id` int(10) unsigned NOT NULL AUTO_INCREMENT,
  `denominacion` varchar(50) DEFAULT NULL,
  `telefono` varchar(50) DEFAULT NULL,
  `calle` varchar(50) DEFAULT NULL,
  `numero` varchar(50) DEFAULT NULL,
  `piso` varchar(50) DEFAULT NULL,
  `dpto` varchar(50) DEFAULT NULL,
  PRIMARY KEY (`id`)
) ENGINE=InnoDB AUTO_INCREMENT=11 DEFAULT CHARSET=utf8;
/*!40101 SET character_set_client = @saved_cs_client */;

--
-- Dumping data for table `editorials`
--

LOCK TABLES `editorials` WRITE;
/*!40000 ALTER TABLE `editorials` DISABLE KEYS */;
INSERT INTO `editorials` VALUES (1,'Lakin LLC','(634) 297-4776','Facilis quaerat voluptatem','7647','6817','8332'),(2,'Rempel-Wuckert','772.516.5418','Asperiores error tempore','2796','9248','2731'),(3,'Ferry and Sons','457-683-6480','Omnis occaecati iste','5853','3815','7745'),(4,'Wilderman-Corwin','1-981-343-8437','Voluptatem eveniet consequatur','3871','7523','8846'),(5,'Wilderman-Kovacek','635-870-8605','Voluptas tenetur doloremque','1307','7607','8118'),(6,'Orn, Boyle and Doyle','208.362.4482','Ratione quaerat et','5680','1021','5042'),(7,'Connelly-Konopelski','100-292-1136','Aut unde eos','2534','7283','4845'),(8,'Lockman, Roberts and Dibbert','1-681-471-0721','Qui provident dolore','7894','0663','6747'),(9,'Kunze-Hamill','(373) 773-7450','Ad enim repellat','2401','4549','0176'),(10,'Davis, Friesen and Emard','288.924.9862','Labore ea rerum','2681','0745','7357');
/*!40000 ALTER TABLE `editorials` ENABLE KEYS */;
UNLOCK TABLES;

--
-- Table structure for table `generos`
--

DROP TABLE IF EXISTS `generos`;
/*!40101 SET @saved_cs_client     = @@character_set_client */;
/*!40101 SET character_set_client = utf8 */;
CREATE TABLE `generos` (
  `id` int(10) unsigned NOT NULL AUTO_INCREMENT,
  `nombre` varchar(50) DEFAULT NULL,
  PRIMARY KEY (`id`)
) ENGINE=InnoDB AUTO_INCREMENT=11 DEFAULT CHARSET=utf8;
/*!40101 SET character_set_client = @saved_cs_client */;

--
-- Dumping data for table `generos`
--

LOCK TABLES `generos` WRITE;
/*!40000 ALTER TABLE `generos` DISABLE KEYS */;
INSERT INTO `generos` VALUES (1,'Nam dicta voluptatem'),(2,'Rerum tempora magni'),(3,'Eos blanditiis quam'),(4,'Consequatur blanditiis quaerat'),(5,'Consequuntur qui dolores'),(6,'Porro impedit quaerat'),(7,'Aspernatur sapiente est'),(8,'Voluptatem inventore ut'),(9,'Dolor occaecati tempora'),(10,'Sit repudiandae nihil');
/*!40000 ALTER TABLE `generos` ENABLE KEYS */;
UNLOCK TABLES;

--
-- Table structure for table `libros`
--

DROP TABLE IF EXISTS `libros`;
/*!40101 SET @saved_cs_client     = @@character_set_client */;
/*!40101 SET character_set_client = utf8 */;
CREATE TABLE `libros` (
  `id` int(10) unsigned NOT NULL AUTO_INCREMENT,
  `isbn` varchar(50) DEFAULT NULL,
  `titulo` varchar(50) DEFAULT NULL,
  `descripcion` text,
  `genero_id` int(10) unsigned NOT NULL,
  PRIMARY KEY (`id`),
  KEY `index_libros_genero` (`genero_id`),
  CONSTRAINT `libros_genero_fk` FOREIGN KEY (`genero_id`) REFERENCES `generos` (`id`) ON DELETE NO ACTION ON UPDATE NO ACTION
) ENGINE=InnoDB AUTO_INCREMENT=201 DEFAULT CHARSET=utf8;
/*!40101 SET character_set_client = @saved_cs_client */;

--
-- Dumping data for table `libros`
--

LOCK TABLES `libros` WRITE;
/*!40000 ALTER TABLE `libros` DISABLE KEYS */;
INSERT INTO `libros` VALUES (1,'613051959-1','b suscipit nobis est eaque odit laboriosam maiores','Harum et in sapiente voluptatem sint. Minus inventore et voluptates incidunt. Quo fuga aliquid. Doloremque ut praesentium possimus voluptatem ducimus minima.',1),(2,'726299568-5','olorum laboriosam laudantium eaque culpa necessita','Veniam voluptatum consequatur accusamus omnis voluptatem distinctio et. Soluta vero distinctio. Incidunt quidem voluptates sed aut dolorem atque.',10),(3,'732981855-0','isi neque id pariatur qui rerum vel praesentium do','Et ea tempora. Ut praesentium dolorem qui cum libero deleniti voluptatem. Ut labore eos necessitatibus aut. Illo quas nemo consequatur.',1),(4,'749196479-6','oluptatem praesentium qui aut','Ipsam earum totam. Eligendi aut nobis enim aut ut et. Odit cum voluptas tempora et in animi.',10),(5,'403743722-8','t quaerat necessitatibus','Deserunt quis repellat veniam voluptas et commodi illo. Ut repellat dolores suscipit. Sunt error non corrupti deserunt sit dolorem id. Ducimus mollitia reprehenderit.',4),(6,'180917144-X','otam enim iusto in','Porro id eos sunt qui laboriosam est. Animi non amet nihil. Et est excepturi voluptatibus quia et ut.',7),(7,'155224525-X','ihil voluptas et alias illum nulla tempore aut nis','Eum velit ad. Facilis odit repellendus suscipit sint quidem enim. Ipsum vero dolores sit velit sint sint. Ea veritatis dolorem et sed molestiae.',8),(8,'651800108-9','erferendis velit harum voluptates','Enim qui eos quod sint minus est eius. Aliquam earum aut et rerum non. Reprehenderit dolorum iusto tempora amet aut. A cum suscipit laborum. Ab neque vel et debitis sapiente.',6),(9,'722595873-9','icta voluptas nisi cumque ut nobis eaque est volup','Voluptatem quo dignissimos repellat suscipit doloribus. Labore ab harum eum dolorum dolor. Rerum aut deserunt rem magnam vel vero commodi. Voluptatem delectus sed quas rerum quo molestias. Non autem temporibus sunt facere est quaerat nam.',1),(10,'062151581-7','sse in accusamus ducimus velit sed voluptas qui el','Impedit ea rerum. Sit voluptatem sint voluptas unde eos. Commodi fugiat adipisci et dolorum harum. Doloremque amet laudantium doloribus inventore et. Vitae animi alias asperiores qui rerum.',8),(11,'962323528-3','abore et cupiditate dolor autem voluptatem delenit','Autem ipsa hic accusamus aut neque sequi quia. Eius labore vero voluptate porro provident quo deserunt. Dolorum corporis occaecati voluptatem nemo.',5),(12,'310468692-0','oluptatem placeat qui est','Voluptates praesentium consectetur quo. Dolore doloremque cupiditate debitis et. Quam rerum est consequuntur ipsam perspiciatis est. Unde reprehenderit quis. Voluptas debitis quis assumenda ad voluptate architecto enim.',7),(13,'916603453-1','n rerum iure fugiat quia quam similique voluptatem','Consequatur atque sit commodi. Occaecati est quia quia fugiat est voluptatum ipsa. Nobis aut minus tenetur vitae dolore. Sed nihil et voluptate ducimus laudantium.',6),(14,'603116674-7','ed repudiandae corporis aliquam quod','Rerum earum autem. Esse consequatur asperiores error voluptas. Maxime vel libero dolorem aut sunt suscipit voluptatem. Aliquam aliquid libero eligendi ducimus ipsam officia totam.',1),(15,'352913581-X','elit voluptatem atque sed quia odio cum illum','Fuga minima nihil aliquid et omnis quidem eum. Aut molestias pariatur culpa. Ut ipsa dolore.',8),(16,'290030093-2','spernatur voluptates quibusdam et inventore sint r','Autem magni numquam officiis deserunt. Corrupti iusto dolorem placeat. Facere et facilis. Porro dignissimos dolores minus doloribus reiciendis sint.',8),(17,'620768478-8','os dolorem voluptatem ea','Iste ex sit ut. Officia quaerat corporis fugiat. Et quia qui et ut repudiandae fuga minima. Magnam numquam repellat esse laboriosam. Quisquam minima repellat.',5),(18,'280510079-4','t eum ut provident nostrum eos expedita quaerat od','Et velit quo maxime autem voluptatum itaque. Dolor sequi et eligendi corrupti culpa. Voluptas sapiente sit autem porro debitis officia adipisci.',5),(19,'073033178-4','acere quo ut accusamus quisquam eligendi voluptatu','Et et eius. Omnis incidunt aut non dolores. Odio velit debitis dicta eveniet omnis quo architecto.',7),(20,'869053139-4','utem soluta nesciunt necessitatibus aut qui aperia','Voluptates doloremque dolore enim repellendus eaque fuga est. Non officiis voluptatem. Repudiandae quis doloribus iste tempore excepturi.',7),(21,'860205297-9','empore esse similique occaecati odit eos consequat','Beatae repudiandae aut reiciendis quos sit enim officiis. Laborum id autem ut aut. Eos et quasi. Deserunt ut dolorem repellendus ea quis. Nobis id iste officiis dolore deserunt non.',2),(22,'166406298-X','erum et laborum inventore quo','Qui sed earum accusantium est expedita. Delectus fugiat beatae nulla nobis. Eaque quod nulla fugit molestias sit.',7),(23,'422968922-5','eniam aut vitae ex qui atque expedita','Totam optio rerum rerum eos nesciunt. Modi provident dolores quos sunt ad nostrum. Ipsa unde dolore et reiciendis. Aspernatur sit autem in perferendis odit. Tempore perspiciatis voluptas et veniam.',5),(24,'486356659-X','acilis qui nihil','Qui quasi sed rem minus qui sunt dignissimos. Est iusto dolorem ea blanditiis. Sed a at.',10),(25,'033232580-6','obis non rerum repudiandae et placeat et pariatur ','Est accusantium nobis debitis qui numquam dolorum pariatur. Eveniet rerum ullam laborum vero ut et quo. Repellendus libero vero molestiae pariatur fugit adipisci expedita. Sint fugiat illum et sit. Ex consequatur earum et aliquam.',9),(26,'728205542-4','onsequatur nihil eum odio','Ipsum est facere et doloribus est. Veritatis accusantium eos dignissimos et. Rerum sunt eaque. Blanditiis et voluptas.',1),(27,'016557520-4','t atque labore reiciendis perferendis ut corporis','Delectus fugiat voluptas pariatur voluptate mollitia. Expedita eius omnis eum. Similique ab culpa et cum labore illum.',6),(28,'612760623-3','olestiae sint consequatur corporis ut cumque iste ','Dolores quas quia doloremque assumenda. Eos animi atque sed maxime et. Voluptates minima facere explicabo et molestias rerum.',10),(29,'413820884-4','t iste iure neque enim natus praesentium qui recus','Eos labore nostrum nisi dignissimos. Quisquam quia occaecati. Incidunt illum maxime voluptatem quam officiis repudiandae. Laboriosam recusandae voluptas. Est repellat quas necessitatibus qui ut consequatur blanditiis.',10),(30,'030908297-8','ossimus aperiam cumque beatae id nulla','Eos voluptas nobis sapiente aut. Aut ut quam. Placeat iste earum voluptates occaecati. Ab temporibus id repudiandae tempore libero. Possimus quis at provident voluptas aliquid iusto ad.',2),(31,'211331234-4','t natus laborum ea earum expedita et omnis repelle','Ipsam sed asperiores quia. Placeat in blanditiis. Tempora ea rerum pariatur id.',6),(32,'223974061-2','ed itaque eos quasi nulla','Odit aperiam beatae enim inventore dolores. Quia eaque eum distinctio at eligendi architecto recusandae. Voluptates quis enim. Enim sint laudantium id voluptate eos unde non.',8),(33,'158854906-2','ebitis aperiam et vitae similique illo','Minus nihil reprehenderit. Ut culpa aliquam non eius nihil rerum dicta. Aut aliquam earum molestiae accusamus quas.',8),(34,'662130352-1','ossimus libero dolorum exercitationem sint assumen','Sequi sapiente eligendi aut labore possimus recusandae. Ipsam minima et ullam tempora quo id. Adipisci reprehenderit aut qui exercitationem sed velit. Hic magnam vero consequatur quo fuga. Quod deserunt voluptatem cupiditate minima deleniti non est.',9),(35,'715042329-9','veniet fuga sapiente debitis molestiae vel et qui ','Quidem ipsam ea consectetur tenetur voluptatibus. Fugit et odio et magnam. Est aut molestias debitis aliquid aut consequatur. Corrupti quae ut cumque.',3),(36,'722705526-4','it totam optio nesciunt animi explicabo quasi','Incidunt quod ipsa suscipit expedita aut blanditiis. Incidunt voluptatem ut excepturi placeat. Explicabo recusandae nihil quae fugiat voluptatum.',2),(37,'446911544-4','nim sunt non et quidem quasi est est suscipit et','Neque dolore voluptas dignissimos qui dolor assumenda doloremque. Eaque at qui. Omnis maiores voluptatem molestias. Molestiae molestiae enim.',8),(38,'621466044-9','veniet placeat asperiores','Quae quia occaecati eveniet. Dolorum quia et consequatur dolor eius. Provident eligendi in. Rem quasi quaerat doloremque voluptatem numquam. Quo dolor nihil non quia sed.',9),(39,'722735901-8','aborum illo voluptas ut minus velit officiis esse ','Quasi commodi laudantium recusandae eum et ad. Accusamus perspiciatis et. Atque qui et suscipit.',2),(40,'861170139-9','erum ut quidem unde','Quod facilis quis officiis aliquam ducimus nostrum. Quis eaque sunt soluta. Iste magni omnis aut.',2),(41,'757483378-8','oluptas ut rerum maiores distinctio aut impedit a ','Officia iste enim labore ullam quas. Eaque voluptas aspernatur. Fugiat cumque vitae id eaque animi.',1),(42,'018234503-3','oluptas quidem totam est corporis','Rerum facere doloribus voluptas libero aut quam. Accusantium neque quo perferendis. Eos et et adipisci eligendi. Impedit officia molestiae maxime.',3),(43,'997710220-1','oluptas rem amet soluta hic rerum pariatur iusto e','Numquam aut debitis sunt fugiat ad consequuntur. Illo quasi repellendus. In veniam harum nihil quis deserunt et sapiente.',1),(44,'497393229-9','xcepturi nihil qui ut eos voluptatibus','Dignissimos cumque aperiam velit vel ut. Voluptate rerum illo. Ut laboriosam temporibus assumenda provident. Omnis non aliquid et voluptatibus dolores dolore ea. Aut quod ipsam porro natus modi.',7),(45,'224683931-9','t corporis quasi qui distinctio qui ab voluptatem ','Perferendis blanditiis deleniti sequi reiciendis. Vel nihil optio. Placeat nemo est. Omnis velit consequatur.',8),(46,'284907066-1','st maxime iure et','Quia et eum animi ipsa atque. Maxime doloribus mollitia libero. Aliquid qui consequatur numquam ad. Expedita debitis ut possimus qui officiis commodi reiciendis. Impedit iusto maxime reprehenderit dolorum in sed consequuntur.',3),(47,'681037011-0','dit repellendus omnis qui dolores debitis quaerat ','Eligendi quo illo repellat itaque. Dolor unde dolore ex est. Maiores non ut ea voluptatem.',5),(48,'889111416-2','uam alias sapiente in dolor similique sit','Officiis in voluptatem laudantium dolores et vero. Autem totam esse. Aut ea recusandae quos omnis vel soluta ut.',7),(49,'625002722-X','eleniti sit amet quo','Laudantium ab minima itaque laboriosam. Exercitationem molestiae incidunt sunt ratione. Omnis et harum dolor deleniti. Eum iste incidunt quod possimus qui maiores libero. Commodi numquam recusandae quo.',6),(50,'661292181-1','ed voluptas voluptates officia alias ab molestiae ','Vitae odit id soluta illum. Non quo aliquid provident fugit. Laudantium voluptatem cumque quod eaque nulla impedit nam.',7),(51,'247157471-8','ollitia accusantium commodi reprehenderit adipisci','Alias sit labore neque. Aut sed labore qui sint quos. Quas et aut nihil minus magni quia ducimus. Et suscipit praesentium quia ex fugiat.',10),(52,'891181735-X','mnis est sed dolorem et omnis','Doloremque qui hic iure eius voluptas. Eum ipsum suscipit odio velit ad. Et et incidunt tempore.',3),(53,'026562069-4','olore aut officia et rem id ab vel excepturi quasi','Vero repellat ab quibusdam explicabo provident vel ratione. Mollitia dolor eum ipsam sed nihil. Ab est dolores. Consequatur nostrum corporis est facilis assumenda hic.',2),(54,'520649950-1','epudiandae id voluptatem alias mollitia maiores ne','Sit at ratione consequuntur ut laborum. Quia consequuntur unde. Odio magni dignissimos sit iusto quam neque ipsam. Non porro omnis. Iure id eos cupiditate et.',1),(55,'113653076-2','acere illum enim consequuntur ratione cupiditate i','Voluptatem ea pariatur quasi. Unde molestiae id nisi qui. Odit consequatur et.',2),(56,'685243286-6','ui laboriosam earum ut enim','Esse voluptatibus eum. Quaerat perspiciatis occaecati necessitatibus ut labore. Repudiandae saepe porro. Ex ut quam. Eum rerum incidunt quis ea repellendus.',4),(57,'960862952-7','oluptas sed repudiandae cumque laborum','Laudantium natus saepe tempore a aliquid voluptas repellendus. Hic mollitia incidunt asperiores dolorem dolor. Et sunt ut et ipsam non. Ea sed aut optio culpa omnis aut repudiandae. Voluptate minus dolorem.',4),(58,'029337410-4','electus nulla rerum','Et qui eius dolorem sequi repellendus sed. A voluptatem magnam laboriosam distinctio sunt voluptas. Consequuntur veritatis est voluptates quod. Incidunt voluptatem voluptatem necessitatibus veniam nobis nihil. Quod et velit nobis eius quo similique non.',8),(59,'712643040-X','onsequatur at vel dolorem','Velit animi vitae. Consequuntur voluptas illo cupiditate est. Ut dolor nesciunt. Rem est ut consequatur et ea. Culpa molestias natus molestiae non vero.',10),(60,'817138490-0','uga voluptatibus id','Eum a velit. Eligendi et iusto quia iure qui perspiciatis. Repellendus aut nihil quod error molestiae atque. Beatae omnis fugiat impedit.',10),(61,'498742304-9','onsequatur dolorum exercitationem velit vel illo n','Ipsam accusamus nemo sapiente non cupiditate tenetur esse. Sed occaecati debitis quis voluptas. Quia occaecati ipsam. Tempora commodi alias corporis optio repellendus maiores vero.',8),(62,'907125101-2','dit ad a tenetur quos alias laudantium itaque quas','Reprehenderit magni et quas. Nemo quam necessitatibus accusamus quaerat. Numquam occaecati saepe recusandae officia. Praesentium tempore voluptas necessitatibus voluptatem aut perspiciatis.',1),(63,'077136895-X','n natus laborum quo ipsam ea quibusdam itaque dele','Cumque laborum eos corporis maiores rem eaque. Dolor ut animi qui pariatur nobis iste eum. Enim magni eius eligendi qui ratione pariatur.',3),(64,'716336557-8','int omnis iure','Earum occaecati eos delectus maiores. Est deserunt et blanditiis. Incidunt tenetur eum. Velit delectus non. Qui occaecati facere eum optio.',2),(65,'131617713-0','oluptas in dolorem et ducimus autem minus quas aut','Odio qui quia voluptatem reprehenderit dolor qui quis. Sunt autem totam commodi sit similique quia veritatis. Et quis nam. Neque laudantium voluptatem. Eum ratione doloremque.',10),(66,'901067101-1','acilis architecto corporis consectetur in perspici','Debitis repellat reiciendis at soluta eos est consectetur. Consequuntur quidem omnis facilis eligendi. Totam debitis nobis voluptatibus ut.',7),(67,'151882915-5','x incidunt deleniti sed sit odit quae et','Facere molestias et ratione quibusdam vel. Quo eos ut. Eum illum aut. Et cupiditate et. Mollitia et consequuntur natus ipsam.',7),(68,'474840496-5','met repudiandae ut illo non','Ipsam laborum ea enim et et. Aut eligendi quas hic et ullam. Quam quod quis rerum aut. Iste culpa debitis est ad. Excepturi minima sed veritatis debitis quisquam culpa.',3),(69,'650494157-2','liquam fugit consequuntur est beatae ullam cum','Quidem sunt nobis sint est. Consequatur voluptas distinctio non nostrum ipsa aut. Quod dolore quibusdam quis non autem.',2),(70,'101166739-8','empora exercitationem voluptatem','Tempore earum repudiandae provident labore voluptatem tempora. Asperiores fuga aut sint. Non vero quis quo voluptatem delectus officia. Blanditiis eveniet consectetur. Possimus dolorum voluptatem velit.',5),(71,'885880588-7','uaerat accusantium distinctio ullam aut dolores pe','Consequatur accusamus mollitia modi. Quia dolor quia. Eum harum vel distinctio a rerum enim voluptatum.',1),(72,'947325597-7','erum omnis itaque necessitatibus eaque temporibus ','Corporis fuga eum vero quibusdam minus dolores amet. Aut veniam velit maiores iure numquam. Quia quisquam et nemo. Nisi reprehenderit enim nihil.',6),(73,'620533726-6','inima ab repudiandae corrupti harum esse illo nequ','Sed laboriosam qui. Perferendis dolorem odit et. Est tempore corrupti voluptate. Rerum ut architecto. Laborum iste similique eveniet perspiciatis.',3),(74,'915404971-7','ic libero velit laboriosam accusantium non','Veritatis debitis quibusdam eum et nisi aliquam. Maiores eos dignissimos et officia exercitationem tempore quisquam. Ut et numquam id dolores ea et aut. Ab et molestiae dolores. Non et ab eos.',8),(75,'747264010-7','xplicabo culpa non qui pariatur veritatis','Dolorem error numquam recusandae dolorem. Impedit et repellat laboriosam quam suscipit in voluptatum. Beatae dignissimos similique accusamus autem quasi numquam illo.',8),(76,'527659843-6','ero dignissimos labore fuga quia et aspernatur con','In iure et quia quia necessitatibus voluptas. In ab maiores consectetur esse delectus sequi. Optio id voluptates qui sed officiis autem. Quas fugit et maxime aut.',7),(77,'948070235-5','ut quod dolorem ea accusantium sed aut sunt nobis ','Aut voluptates fugit officia quibusdam. Id distinctio facilis quia quod a odio nostrum. Ipsum commodi voluptatibus. Nemo molestiae eos eum. Reiciendis recusandae aut maiores aut sed magni dolor.',1),(78,'395648975-6','uia et delectus officia id tempora at dolores modi','Modi adipisci temporibus dolorem voluptatem consequatur ut qui. Non voluptatem dolores eaque a. Enim dolor architecto tempora qui ipsum rerum.',9),(79,'249068114-1','uisquam sed illum modi dignissimos nihil qui id no','Molestiae cupiditate recusandae. Atque natus cumque velit sint ut numquam. Nihil suscipit ut. Id iste hic esse suscipit voluptas sit. Autem eum animi.',3),(80,'543417377-5','ccusamus fugit beatae id unde quo dicta sit dolore','Quas quae et ex. Consectetur quasi atque in. Vitae perferendis natus. Omnis beatae consequatur. Ratione non officiis aut ipsum nesciunt itaque esse.',5),(81,'518240982-6','ccusantium suscipit quasi rem et','Officia dolore ratione dolorem omnis amet. Facilis porro velit ipsum voluptate facere sit ut. Atque reprehenderit iusto repellat nesciunt voluptates dolorem magni. Vitae ea ut.',1),(82,'112445502-7','equi recusandae asperiores nisi dolore et praesent','Cum deserunt dolorem quia minima repudiandae. Similique qui ullam quos non iste. Iusto quis hic cum recusandae cumque provident. Ea nemo autem expedita voluptatem neque. Et quasi dolorem impedit qui fugiat aut rerum.',6),(83,'050076394-1','oluta natus quam reprehenderit saepe totam at cons','Quisquam iste voluptas quis modi harum. Dignissimos ut eligendi quasi. Voluptatem debitis qui beatae esse.',3),(84,'092114777-5','eleniti qui nulla recusandae sapiente','Recusandae consequatur perferendis et sit ut ipsam. Libero eum dolor officiis temporibus voluptatem dicta. Et ipsa voluptatem saepe libero qui laborum. Ut animi blanditiis ex vel eveniet. Quos tenetur ex.',5),(85,'915979048-2','st doloribus sint','Aut sit odio. Ut iste laudantium. Voluptas eaque excepturi rerum qui consequuntur amet nihil. Accusamus ut aut commodi et aut nihil nesciunt. Voluptas laboriosam laudantium qui in modi nemo quas.',6),(86,'750085708-X','olor natus sit deserunt cupiditate adipisci et pla','Eius sint exercitationem eos enim non. Quod quis ipsum placeat omnis quam. Sint et provident possimus inventore. Vitae similique necessitatibus explicabo. Velit et neque quo dolor dolores dolores.',3),(87,'492121410-7','met beatae sunt et esse','Enim quasi officia. Officiis nisi dolores saepe. Voluptatibus eum saepe aliquid corrupti odio voluptas esse.',1),(88,'901616303-4','speriores omnis voluptatem unde quis exercitatione','Ut similique ab minus qui. Corporis sapiente quaerat tenetur quia saepe recusandae. Voluptas ratione molestiae in et est. Quod voluptas in.',5),(89,'550734626-7','d numquam expedita quo dolores','Cumque consequatur reiciendis sapiente aut. Omnis quod soluta. Est voluptas voluptatibus. Porro tempora excepturi ab.',5),(90,'720155663-0','t et nihil quia laboriosam sunt molestias omnis re','Est sunt aliquam ratione sit. Animi consequatur sint odit consequatur aut. Sint a sed harum eos ipsa. Esse molestias unde error quia enim dignissimos tempora.',8),(91,'935628473-3','it quasi quos est eos commodi eveniet rerum ab','Officiis nihil expedita eveniet minus aut ut placeat. Vel quas cumque veritatis odit nulla. Error earum placeat nesciunt voluptas sequi deleniti eligendi.',7),(92,'448438879-0','acere quaerat culpa non maxime officiis sed','Reiciendis repellendus a et veritatis numquam rerum. Harum consectetur nostrum et. Sed dignissimos temporibus saepe assumenda possimus.',7),(93,'437708022-9','agnam assumenda molestiae','Sit necessitatibus eos maiores sapiente beatae ipsam impedit. Odit officia incidunt libero officiis quod. Nihil maxime illo in ut eveniet sit. Ipsa at saepe consectetur asperiores et autem qui.',3),(94,'440281102-3','t error maxime sunt ratione cumque nobis officiis ','Dolor qui ducimus quia. Doloribus cum nostrum qui. Aut soluta culpa sit necessitatibus.',6),(95,'020419867-4','elit rerum sit eaque vel atque voluptas non conseq','Natus aut cupiditate suscipit. Ea expedita dolores omnis. Asperiores repellat iure error et laborum quo quod.',2),(96,'376428939-2','uia non modi quo','Repellendus amet mollitia eveniet porro harum. Dolorem sit consequuntur deleniti. Perferendis explicabo et et at pariatur et in. Dolores vel voluptatem veniam enim blanditiis.',6),(97,'789906178-4','epellendus fuga sed labore quia consectetur iste v','Ut velit dolores. Qui ex et consequuntur quo molestiae sed. Fugit ipsum aut dolore est officiis enim et. Laborum facere totam recusandae magnam cupiditate assumenda. Maiores hic numquam dicta autem harum impedit.',9),(98,'966939404-X','ure nam corporis facilis dignissimos quas nulla','Atque nam eius. Dolorum ab qui incidunt eius. Iste quo veniam.',5),(99,'612422433-X','oluptate id recusandae nihil impedit quaerat elige','Voluptatem veritatis necessitatibus facilis a sapiente voluptates. Sed sed temporibus atque tenetur. Hic quam in beatae quo dolorem. Perspiciatis eius fugit tenetur modi dolores et. Totam dolorum quam aut ex a similique et.',10),(100,'299503155-1','uisquam fuga qui occaecati','Tempora voluptatem ipsum voluptate molestiae. Repellendus deleniti aut voluptas animi. Omnis veniam rerum ut nesciunt. Architecto amet autem quae.',5),(101,'044705738-3','unt et ratione modi temporibus','Fugit dolor facere nostrum qui. Est est repellat totam. Itaque consectetur et. Sed molestiae sint sit consequatur atque aliquid at. Vero dolores beatae facilis fugit velit.',3),(102,'594598533-3','nim placeat animi quod vel officia quisquam','Sed tenetur quibusdam. Consequuntur id illum. Eum tenetur maxime. Dolore voluptatibus molestiae vel laudantium aperiam. Veniam in dolorem culpa.',3),(103,'157919096-0','eserunt rem eveniet voluptatum repellendus eaque a','Dolores esse quos. Vel blanditiis aut est delectus eaque. Consequatur quis incidunt sit libero.',6),(104,'838397267-9','uidem ut et consectetur','Earum ut deserunt velit dolor labore numquam distinctio. Similique voluptatem nam accusamus tenetur molestias aperiam. Praesentium eum reprehenderit repellendus voluptatem ea sapiente rerum. Eligendi officiis eos excepturi harum ea nihil.',7),(105,'918174863-9','t deleniti eaque','Voluptatem qui accusamus ut ipsam veniam assumenda sint. Optio aspernatur soluta. Dolor nihil qui voluptatum.',5),(106,'149674259-1','t numquam omnis facere et quas nostrum dolorem','Id reprehenderit at quia illum est maxime. Rem aliquam a. Delectus impedit eos est accusamus voluptatibus et. Earum est ad veritatis incidunt non dolores.',3),(107,'474404311-9','empore sed sequi dolor vero delectus','Expedita deleniti voluptas. Totam recusandae hic accusamus. Explicabo qui ipsum officiis placeat consequatur.',1),(108,'870293221-0','it atque consequuntur et','Voluptatem laboriosam quis sed error fugiat illum. Odio sit ut nesciunt. Repudiandae quis aliquid quo corporis. Facere possimus et quam. Voluptas voluptatum ea dicta nesciunt sit quis.',10),(109,'505904810-1','t nemo tempore','Id ipsa nobis. Delectus praesentium quia ut molestias. Dignissimos impedit magnam. Deserunt repellendus laborum voluptas est ullam.',1),(110,'094249820-8','uam et velit ad repellendus','Aliquid ratione qui ipsam et nobis ullam vel. Sapiente nam voluptatem omnis enim qui. Aut labore dignissimos illo repellendus laborum est. Debitis ullam vel.',8),(111,'943202313-3','arum accusamus repellat aliquid fugit sit distinct','Dolorum harum totam dolor voluptate neque. Necessitatibus voluptas libero. Et ad unde cum vel.',6),(112,'710986751-X','um assumenda est sit ab error eaque consequuntur n','Facilis minima quod quaerat a reiciendis. Qui autem tenetur harum quisquam sequi explicabo. Nulla exercitationem et est et quia minima. Ea itaque quia laudantium reiciendis et.',1),(113,'306964712-X','eritatis itaque deleniti','Aut enim blanditiis ratione voluptas animi et laudantium. Ea incidunt aut rerum adipisci. Facere molestias doloremque et. Sequi voluptas dolore dolorem. Omnis et odit molestiae cumque.',10),(114,'446910998-3','ugit vero sed ullam velit id odit distinctio tempo','Pariatur dolorem aut molestias voluptatem. Ut quis vel esse dolorem nobis. Maiores velit consectetur necessitatibus quo dolor ut. Animi culpa maxime magnam. Ut quos autem ea repellendus voluptas qui sequi.',1),(115,'316566492-7','uas neque fugit nulla optio est','Laborum perferendis est eum expedita aut. Sit qui qui ipsa ab in. Blanditiis perferendis aut. Voluptatem itaque aut eius consequuntur voluptatem dolorem. Consequatur est et vel.',5),(116,'024306007-6','orrupti dignissimos occaecati perspiciatis eius ab','Ullam consequatur nam quaerat aut. Ullam similique enim. Laboriosam rerum vitae blanditiis. Omnis laborum aut sed nam dolorem ipsa.',3),(117,'250199424-8','ncidunt iure optio rem nulla','Repellat ad blanditiis molestiae omnis. Dolor enim ut esse ea illum. Sit sunt qui enim.',3),(118,'242246474-2','olores corrupti quas ipsa mollitia minus modi inci','Soluta deserunt sunt accusantium. Sint temporibus sit sint eveniet repudiandae. Aliquid minima inventore saepe aperiam et quaerat. Enim alias quo eveniet omnis a quia esse.',3),(119,'329990206-7','oluptas et saepe quis sapiente et quidem accusanti','Libero consequuntur ipsa quo dolor sit occaecati earum. Voluptatem molestiae a aut ullam. Ut saepe aperiam.',4),(120,'427565759-4','uga harum eum sed possimus','Enim ducimus illum. Esse autem modi quasi porro aliquam ut. Molestiae impedit et. Quisquam sunt consequatur dolor ipsa ut blanditiis.',6),(121,'448736620-8','electus illum quis illo quo ipsam itaque qui archi','Dolores eum consequatur neque. Cumque incidunt harum doloribus ipsa. Doloremque enim fugit sequi voluptatem.',9),(122,'078424397-2','t rerum similique rerum est voluptatem','Neque nulla sed. Ea sint veritatis qui praesentium. Occaecati nisi numquam nulla inventore necessitatibus recusandae voluptatem. Itaque velit at qui in dolorum dicta.',9),(123,'232965832-X','nde recusandae sed est illo ea quis','Distinctio ad praesentium consequatur beatae nisi voluptas eum. Deleniti in provident totam quod. Natus libero commodi accusantium ut officia corporis. Non atque soluta eius rerum.',5),(124,'661020392-X','nim fugiat eos occaecati asperiores reprehenderit','Quo aut qui dignissimos. Quae explicabo numquam est iste distinctio blanditiis. Voluptatem repellat quia aut distinctio est. Et impedit est nesciunt minus consequuntur esse ut.',4),(125,'025090428-4','on officia amet excepturi commodi doloremque neque','Magnam nemo ipsa voluptatibus quod eius facere. Laboriosam voluptate accusamus omnis. Ut amet vel aspernatur provident consequatur tempora. Eos eaque iusto.',5),(126,'176483743-6','uis quia quia maxime ut','Quia aut voluptas quidem est. Velit aut magnam est. Aut sed dolorem saepe nesciunt esse. Placeat nesciunt et iure minus cum. Consequuntur dignissimos ea perspiciatis ex magni.',1),(127,'030434421-4','llo voluptas laboriosam suscipit natus et','Voluptatibus nulla vero distinctio rerum et similique adipisci. Possimus magnam eligendi. Aut ullam fuga et asperiores veniam. Ducimus sit eos temporibus earum ea. Sit reiciendis ipsa quis in provident.',9),(128,'100472621-X','empora repellendus molestias qui praesentium illum','Officia eum eaque minus autem est. Id qui tempore consectetur placeat assumenda perspiciatis. Modi fugiat recusandae consequatur ipsum assumenda. Autem illum tempore reprehenderit velit rerum accusamus. Doloribus assumenda cum consequuntur laudantium aspernatur laboriosam.',9),(129,'735551262-5','ulla ut nostrum in dolorem doloremque inventore qu','Laboriosam quis molestias ducimus. Occaecati omnis ex. Quaerat in corporis.',5),(130,'194151820-6','rchitecto soluta velit nobis aspernatur molestiae ','Animi aut dolor. Sit quis autem animi. Porro adipisci consectetur distinctio non numquam. Fuga possimus in consequuntur.',3),(131,'360875917-4','ui mollitia fugit tempora','Ducimus maiores non dolore. Ipsum qui expedita dolor autem. Molestiae deserunt sed id non fugit officia. Vel et rerum commodi delectus. Animi odio sunt sed natus ut totam eos.',8),(132,'804213469-X','ariatur ipsa itaque ab eligendi officia est','Asperiores neque incidunt reiciendis architecto nulla. Necessitatibus temporibus quaerat totam. Blanditiis suscipit et voluptas et rerum laudantium quod.',7),(133,'241533380-8','ut et in esse aliquam minus','Exercitationem et voluptatibus fugit rerum illum minus. Dicta odio ut. Vel nulla magni.',5),(134,'451491368-5','umquam voluptas excepturi consequuntur est esse al','In sit rerum. Explicabo qui laborum optio. Quos placeat pariatur ratione. Quisquam impedit consequatur. Laborum sequi aut.',9),(135,'359789632-4','speriores velit similique reprehenderit quia rerum','Incidunt quia ut occaecati sunt veniam. Illo consequatur sit. Quo velit ipsa officiis. Molestias officiis et voluptas sapiente ut.',3),(136,'746924159-0','erum quis neque atque assumenda sequi nobis soluta','Dolor eos totam ut incidunt eveniet cupiditate voluptatum. Voluptatem maxime nobis eligendi. Excepturi qui quia ut.',2),(137,'832473417-1','dio nemo laborum ab consectetur et est','Velit rerum accusamus ea. Cum asperiores voluptatem. Sit et ut molestiae illo. Molestiae tempore praesentium quia nihil veniam. Aspernatur eos quos vel est.',6),(138,'632232635-X','emo aperiam omnis eum fugit quia sunt dolore ut','Iusto sit nulla non esse. Similique reprehenderit dolores eveniet qui optio. Perferendis dicta fuga maiores.',5),(139,'588198683-0','emporibus laboriosam eos enim ducimus aut qui inve','Quo commodi libero tempore qui omnis est. Et quos ratione non ut vel. Quam in voluptatibus magni voluptas. Sit reiciendis voluptas eum corporis soluta nisi culpa.',7),(140,'422199339-1','psam velit dolores repellat eum quo eos nihil exce','Voluptatum corrupti explicabo minus quia vitae asperiores enim. Quae totam odio et natus nam fugiat aut. Ab et quas nulla. Dolore illum est.',8),(141,'388146774-2','esciunt voluptatibus numquam','Rerum distinctio consequatur. Iste a aut voluptate sequi consequuntur dolores consequatur. Inventore minus repellendus et sint et. Rerum cupiditate sunt. Autem sit unde nihil accusamus.',1),(142,'870904261-X','it officiis laudantium ad quod','Laborum dolorum ullam. Voluptatem alias corporis maiores at quos occaecati unde. Dolores officiis repudiandae. Qui sapiente quasi odio facere voluptas voluptatem.',7),(143,'181045719-X','llam ex delectus inventore et veniam cupiditate in','In itaque perspiciatis labore rerum fugiat. Blanditiis in consequatur eveniet et. Qui saepe fugiat. Repudiandae voluptatibus dicta aut dolor porro laborum. Ullam cum qui rerum accusantium.',8),(144,'766590962-0','uaerat et voluptates deserunt sunt porro consequat','Libero cupiditate a facilis laboriosam tempore nemo modi. Ratione et libero tenetur. Cumque eaque est impedit cupiditate maxime nihil assumenda. Magnam sapiente perspiciatis et voluptates. Eum incidunt ea nihil.',7),(145,'403622534-0','olestiae quia architecto rerum ratione sequi fuga ','Est aperiam nesciunt. Totam ducimus maiores itaque facilis. Ut minus rerum. Reprehenderit tempora temporibus enim quod ducimus quas. Molestias et fuga corporis autem cumque.',1),(146,'323419309-6','olores qui ut quaerat corporis inventore blanditii','Voluptates iste mollitia vel sit totam tempore ipsa. Nemo nulla delectus fugiat expedita. Quis a libero quasi nihil totam. Blanditiis quia et. Esse aut voluptate deleniti sit.',10),(147,'868735130-5','rror veniam voluptas voluptatum occaecati dolor co','Hic cupiditate quod omnis assumenda. A libero eos dolores eius ipsa tempore nostrum. In a voluptatem facilis soluta tempore sed.',4),(148,'529802967-1','ligendi ipsum id','Quasi labore quam. Explicabo quo velit et accusantium. Est quis dolorem. Qui libero cumque eius non fugit cum quia. Cupiditate sunt nulla temporibus qui eos cum.',4),(149,'863008158-9','met in eius hic soluta temporibus omnis magnam qui','Ut aut occaecati delectus non consequatur praesentium voluptas. Neque enim voluptas aut. Aliquid est sed. Distinctio labore ex dolores aliquam corrupti qui minus. Quo sapiente vel voluptas praesentium aliquid saepe.',6),(150,'798433212-6','nde ad eum molestias molestiae rerum doloremque qu','Id repellendus nisi omnis magnam ut inventore. Ipsam dolores inventore ad amet. Quia est qui molestias voluptas aut earum.',3),(151,'840666677-3','elit cum distinctio est ut temporibus magnam ipsum','Natus aliquid et molestiae. Est quasi dicta ullam ex sed reprehenderit possimus. Occaecati corporis qui nesciunt et ullam. Harum eligendi natus ut molestiae vel dolorem ut.',8),(152,'906225408-X','erum eaque aperiam quasi dolore tenetur dolorum mo','Ut ut ex assumenda vel recusandae. Culpa veritatis ab iste porro voluptatibus sunt. Expedita enim voluptates quo quia veniam ut. Id exercitationem ab officiis repellat aut ipsa.',3),(153,'493502908-0','mnis quae mollitia sit inventore amet ea aliquam c','Voluptas et sint excepturi sed sed voluptates. Et autem facere dignissimos. Dolor consequatur sed molestias est distinctio error.',2),(154,'042049541-X','olestias voluptas blanditiis','Expedita eos neque aperiam consequuntur. Impedit voluptas assumenda est dolore aperiam illum. Nobis ut deleniti. Veritatis cum debitis natus consequuntur sed quasi. Rerum magni fugiat officia quia explicabo.',2),(155,'752043855-4','a quia esse quia saepe atque iusto iste quasi','Fugit commodi placeat et officiis eum maxime occaecati. Sunt non rerum sint. Consequuntur explicabo rem eos temporibus incidunt quia.',1),(156,'429576216-4','olestiae rerum nisi quia saepe','Harum exercitationem quaerat ipsum consectetur perspiciatis. Unde sint nam nihil et non saepe. Quo quia deleniti alias.',4),(157,'174414516-4','dit sed minus officia asperiores','Sit ut soluta. Voluptatem sed sit rerum eligendi quo repellendus sunt. Quia reprehenderit sunt. Deserunt sit est. Cumque nihil qui ab ratione praesentium in aliquam.',5),(158,'016389297-0','ulla sunt qui eveniet sit excepturi laboriosam vel','Voluptates quis similique aliquam temporibus enim libero. Ab dolor tempore accusamus dolores ut aliquid amet. Eum non doloremque qui. Ipsam dolores et asperiores voluptatibus. Qui libero et dolor fugiat dolor quisquam distinctio.',4),(159,'767383826-5','ostrum dolore architecto quo repudiandae delectus ','Magni sunt enim quod laborum omnis. Enim id accusantium. Ipsa beatae praesentium iusto debitis asperiores vitae. Cumque sunt dolor perspiciatis. Dolores repellendus facilis.',9),(160,'106798762-2','uam quas dicta explicabo ut','Sapiente nulla itaque aspernatur suscipit. Accusamus at aut quia eligendi ducimus. Voluptatem quisquam esse dolores ut.',1),(161,'394349307-5','olore itaque at porro praesentium explicabo qui mi','Cumque consequatur suscipit. Adipisci consectetur quasi earum dolor alias. Possimus itaque quod.',5),(162,'717380462-0','tque labore ratione corrupti','Est consequatur laudantium doloremque cumque ipsa nihil. Quos voluptates et quibusdam quae nobis voluptate totam. Aspernatur dolorum velit nostrum atque. Ipsa libero unde id corporis aliquam nisi.',2),(163,'457583807-1','oluptatibus sed expedita qui et ipsam est','Harum ea deleniti quis sit fugit qui eligendi. Velit delectus aspernatur. Aut quos sunt est. Nobis esse aut maiores placeat quis.',3),(164,'027484776-0','empore inventore minus ullam quos itaque officiis ','Vero at ipsa. Exercitationem eveniet nihil excepturi alias. Aut ea omnis similique placeat ut dolorum omnis. Eos repellat eveniet. Rerum et itaque.',1),(165,'796164727-9','d ea est sed distinctio provident non tenetur sit ','Sint amet officia veniam. Officiis dolorem corporis illo voluptatem odio recusandae. Vero ducimus quam doloremque ratione nisi ipsam molestias. Voluptates et ut et suscipit fugiat. Earum ipsam eveniet.',1),(166,'529599547-X','emporibus quas ipsam ut sed suscipit omnis','Nostrum eveniet quidem enim qui non voluptate officia. Exercitationem adipisci quae ex repudiandae. Modi nam quia excepturi harum perspiciatis. Distinctio perferendis quia nesciunt. Alias magni laborum officiis.',4),(167,'287470124-6','oluptate reiciendis ullam qui qui quam ut officiis','Ullam numquam dignissimos. Autem ea atque aperiam dolores magnam. Nisi asperiores earum temporibus porro tempore. Quia perferendis neque nihil aut. Aut voluptatem corrupti quasi odit voluptate error aut.',6),(168,'367794881-9','uscipit dolores at autem velit quo perspiciatis ut','Tempore odit ut quasi sed. Ipsa non consectetur ex rerum natus. Mollitia enim cupiditate. Qui temporibus possimus.',1),(169,'030871052-5','rchitecto vel sequi sit corporis temporibus sed et','In natus nesciunt. Maxime sapiente quia autem et. Iusto molestias ut animi consectetur aut. Aut blanditiis alias consequatur quia cupiditate velit. Id incidunt quia sunt sequi recusandae maxime temporibus.',4),(170,'190705619-X','oloribus placeat ratione doloremque aliquam','Repellat nesciunt nisi sint. Ea ipsam aliquam distinctio non sed aperiam. Doloribus minus modi dolore blanditiis rerum quia. Ad quibusdam rerum ab sequi similique error.',8),(171,'270615635-X','uae quo soluta ex non iste hic quibusdam veritatis','Natus dolorem magni. Ratione voluptatem sint omnis est quod aut incidunt. Doloribus sunt officiis.',8),(172,'820900131-0','uam aut esse tenetur est at ipsa','Nemo rerum molestias. Et veniam enim sunt. Nulla veritatis enim cupiditate aut. Quae architecto culpa praesentium numquam velit fuga.',8),(173,'470435750-3','ed ut omnis sapiente nihil rerum est','Earum illum perferendis. Suscipit qui porro. Consequatur eos et architecto non qui. Dignissimos recusandae ab tempore repellendus quia velit. Blanditiis iusto deserunt et consequatur perferendis non magnam.',4),(174,'713314609-6','olorem omnis illo saepe','Possimus cupiditate eveniet debitis iure et et molestiae. Saepe aut expedita eos quod. Aut aspernatur exercitationem velit enim.',7),(175,'395426501-X','speriores suscipit rerum maxime et magnam molestia','Quod quisquam et. Temporibus iure ut. Accusantium in fugiat doloribus ea quasi et. Vel occaecati quia.',9),(176,'008556000-6','olorem voluptas aut dolores sed et omnis sunt et n','Vel debitis voluptas et ut minima magnam earum. Alias maxime fuga doloremque assumenda corrupti. Rem eum maxime similique nihil iure.',6),(177,'197931851-4','usto voluptatum ea odit consequatur nisi quo rerum','Quo fugit eligendi labore saepe nulla. Tempore suscipit qui aut eveniet rerum necessitatibus veritatis. Architecto eveniet tempora quibusdam est. Odio atque debitis.',6),(178,'707262938-6','audantium voluptate nihil ab quasi ipsa perferendi','Architecto quibusdam vitae. Consequatur assumenda laborum cum. Ipsum consequatur voluptas. Delectus labore non harum numquam fuga nulla quas.',8),(179,'954387824-2','oluptatibus voluptates qui sit dolor corporis plac','Excepturi molestias quia in consequatur voluptatum quo provident. Ut quam quia modi non eos. Explicabo dolor rerum itaque. Eius et dignissimos itaque ut nihil doloribus veniam. Nam cupiditate sunt.',7),(180,'191985104-6','on eos culpa id ut minus ullam','Fuga enim qui animi unde. Sunt ratione aliquam pariatur. Molestias voluptatem maiores eos quod laborum neque. Provident perferendis eaque similique ea sit. Qui expedita dolor qui.',2),(181,'326951468-9','eritatis id rem asperiores ut aut quis','Eum et dicta praesentium aut ea ullam omnis. Voluptatem corporis aut. Odit blanditiis et omnis sit veritatis velit. Id omnis illo sed architecto voluptatibus. Ex impedit at velit sed consequatur incidunt.',3),(182,'821940060-9','eserunt voluptatibus facilis saepe','Ipsum voluptate eum. Ex praesentium fuga eum porro qui consectetur. Nostrum ut aut aut. Recusandae assumenda omnis ducimus quasi eum.',8),(183,'031570803-4','ed aliquid ut tempora doloremque sunt deserunt mol','Facilis ex fugiat. Nihil facilis dolores aliquid provident eligendi beatae. Velit adipisci aut sapiente. Assumenda ipsum nostrum accusamus sapiente possimus. A sunt soluta vel quia asperiores nihil adipisci.',3),(184,'350617321-9','oluptas perferendis et hic iste','Et ut consequatur. Voluptas minus laboriosam ut. Quia ipsum suscipit vel.',4),(185,'390161592-X','t ut et','Nobis dignissimos sit deserunt. Id sapiente provident aut veniam debitis. Autem sed et explicabo quae ab earum. Quia reiciendis quisquam quaerat totam suscipit aut nam. Qui deserunt voluptatem doloremque voluptate earum aut dolorem.',10),(186,'436007981-8','uibusdam provident voluptas quisquam minus dicta e','Magnam quas qui optio. Explicabo illo commodi eum. Enim veniam voluptas illo perferendis aut quia.',9),(187,'996377745-7','ostrum rerum incidunt qui esse et harum et dicta','Deserunt ea autem natus sunt. Quia nobis rem veritatis deserunt quia temporibus inventore. Voluptas eaque labore adipisci dolor delectus. Veritatis soluta nihil et voluptas nulla iste hic.',8),(188,'787810080-2','eprehenderit molestiae est maxime libero','Aliquam asperiores molestiae tempora et numquam et qui. Dolor explicabo aut unde nobis perspiciatis possimus. Veritatis numquam occaecati. Voluptatum qui velit voluptas explicabo.',5),(189,'076602224-2','oloremque qui nihil eos sed','Qui quibusdam blanditiis aut recusandae quod distinctio. Et sit corrupti rem voluptatem laudantium et architecto. Iusto consequatur veniam minus laudantium.',8),(190,'781369159-8','taque doloremque consectetur et et perferendis qui','Corporis est id atque repellendus non vitae. Molestias est voluptatum soluta nemo est cupiditate temporibus. Eum odit enim et nihil aliquid et. Quisquam nobis vitae id corrupti quos accusamus qui.',1),(191,'424555118-6','ed non incidunt officiis repellendus quia voluptat','Cupiditate est impedit molestias. Cum et repudiandae officiis nam. Voluptatem quis ipsum maxime quos asperiores ut. Dolorem sunt similique esse et possimus temporibus.',7),(192,'514324118-9','ucimus doloremque animi nesciunt molestiae tempore','In illo cum quia consectetur ut quas quia. Ut quidem illo atque voluptatem ipsa qui. Sit molestias libero dolorem corporis. Suscipit ullam qui maxime quae perspiciatis. Quos sed laboriosam at dolore.',2),(193,'431732292-7','uia quia magni dolorem sint inventore qui aut volu','Id est ut reiciendis qui assumenda voluptas. Repudiandae asperiores rem. Debitis amet corporis et odit nobis. Assumenda sit aspernatur voluptatem natus.',2),(194,'996072055-1','t voluptatem est aut ad voluptate blanditiis volup','Deserunt quia tenetur aut. Iusto eos et quia maiores quia ut. Exercitationem nam rerum.',8),(195,'259575648-6','arum ipsa beatae non et consequuntur distinctio ne','Et nihil et eos iste rerum. Tempore eligendi fuga voluptatibus. Consequatur ea ex cumque.',10),(196,'759969323-8','ut non sapiente culpa omnis maxime aliquam quia ne','Dolores iure eos. Culpa quibusdam corrupti. Est necessitatibus dolorem qui et.',10),(197,'440326604-5','st aliquid fugit quos ratione molestiae et earum m','Cumque sit praesentium quia veritatis nisi nihil dolores. Dignissimos vel in perferendis soluta. Et aliquid voluptatum. Enim numquam nulla.',8),(198,'723328824-0','agnam aliquam occaecati est repudiandae tenetur qu','Suscipit exercitationem error. Inventore sit occaecati quibusdam et omnis ut. Necessitatibus culpa nostrum ut. Voluptatem praesentium est fuga voluptatem quas numquam.',2),(199,'023015898-6','uam reprehenderit quisquam voluptas sint','Iure exercitationem aut qui eum et. Voluptates porro animi est ratione quia quas. Cumque incidunt et ut omnis occaecati est fugit.',8),(200,'015618345-5','ariatur ex aut tempore ut quaerat aut reiciendis n','Molestias autem non amet. Aliquam dignissimos quis voluptatibus omnis quia ad voluptates. Voluptas natus illum necessitatibus voluptatem rem accusamus. Sed qui suscipit modi est qui autem. Architecto consectetur et perferendis id dicta.',7);
/*!40000 ALTER TABLE `libros` ENABLE KEYS */;
UNLOCK TABLES;

--
-- Table structure for table `libros_editorials`
--

DROP TABLE IF EXISTS `libros_editorials`;
/*!40101 SET @saved_cs_client     = @@character_set_client */;
/*!40101 SET character_set_client = utf8 */;
CREATE TABLE `libros_editorials` (
  `id` int(10) unsigned NOT NULL AUTO_INCREMENT,
  `anio_edicion` varchar(50) DEFAULT NULL,
  `editorial_id` int(10) unsigned NOT NULL,
  `libro_id` int(10) unsigned NOT NULL,
  PRIMARY KEY (`id`),
  KEY `index_libros_editorials_editorial` (`editorial_id`),
  KEY `index_libros_editorials_libro` (`libro_id`),
  CONSTRAINT `libros_editorials_editorial_fk` FOREIGN KEY (`editorial_id`) REFERENCES `editorials` (`id`) ON DELETE NO ACTION ON UPDATE NO ACTION,
  CONSTRAINT `libros_editorials_libro_fk` FOREIGN KEY (`libro_id`) REFERENCES `libros` (`id`) ON DELETE NO ACTION ON UPDATE NO ACTION
) ENGINE=InnoDB AUTO_INCREMENT=201 DEFAULT CHARSET=utf8;
/*!40101 SET character_set_client = @saved_cs_client */;

--
-- Dumping data for table `libros_editorials`
--

LOCK TABLES `libros_editorials` WRITE;
/*!40000 ALTER TABLE `libros_editorials` DISABLE KEYS */;
INSERT INTO `libros_editorials` VALUES (1,'1986',1,127),(2,'2013',6,73),(3,'1995',6,159),(4,'2008',9,22),(5,'2002',8,52),(6,'2011',5,143),(7,'2010',1,199),(8,'1990',4,21),(9,'1969',2,119),(10,'1933',5,130),(11,'1992',3,119),(12,'2010',5,31),(13,'2001',8,51),(14,'1922',8,61),(15,'1957',9,9),(16,'1970',5,134),(17,'1987',6,200),(18,'1941',9,158),(19,'2014',8,142),(20,'1972',10,95),(21,'2003',3,148),(22,'1993',5,59),(23,'2007',4,56),(24,'1972',10,132),(25,'2004',4,30),(26,'2006',1,66),(27,'1938',3,174),(28,'1905',1,141),(29,'1899',1,199),(30,'2005',1,189),(31,'1921',1,38),(32,'1968',3,130),(33,'2010',2,143),(34,'1959',9,4),(35,'1989',6,79),(36,'1998',4,79),(37,'1971',3,32),(38,'1991',6,117),(39,'1983',10,184),(40,'1989',3,166),(41,'1981',5,78),(42,'1999',4,77),(43,'1941',10,156),(44,'2004',7,192),(45,'1994',3,55),(46,'2011',6,91),(47,'1954',5,158),(48,'1976',6,187),(49,'2011',3,46),(50,'2001',1,13),(51,'1970',6,118),(52,'2012',3,180),(53,'1988',6,34),(54,'2011',1,104),(55,'1997',6,137),(56,'2013',8,132),(57,'1995',2,159),(58,'1999',10,156),(59,'1986',9,70),(60,'1969',4,190),(61,'2007',2,190),(62,'2014',5,140),(63,'2013',2,178),(64,'1946',8,200),(65,'2010',8,78),(66,'2010',3,42),(67,'2004',8,79),(68,'1898',2,120),(69,'2007',7,99),(70,'1996',7,195),(71,'2012',3,79),(72,'1981',10,177),(73,'1947',4,64),(74,'1962',4,86),(75,'2012',10,147),(76,'2012',3,74),(77,'2003',6,167),(78,'1954',3,1),(79,'2002',5,49),(80,'1981',7,142),(81,'1978',5,84),(82,'1980',10,171),(83,'2013',10,48),(84,'1993',5,193),(85,'1926',1,106),(86,'2010',3,2),(87,'2014',8,112),(88,'1966',6,172),(89,'1995',7,50),(90,'2011',3,30),(91,'1967',2,119),(92,'1992',7,66),(93,'2013',5,29),(94,'1930',10,181),(95,'1909',4,158),(96,'1977',9,23),(97,'1944',6,124),(98,'1985',10,135),(99,'1914',10,44),(100,'1909',1,165),(101,'1922',2,117),(102,'1988',4,185),(103,'1988',2,120),(104,'2009',3,178),(105,'1948',1,28),(106,'1967',3,100),(107,'1963',3,137),(108,'1997',10,111),(109,'1953',3,198),(110,'2003',9,63),(111,'2007',2,40),(112,'2006',3,196),(113,'2002',10,29),(114,'2013',1,34),(115,'1958',5,74),(116,'2007',1,189),(117,'1925',4,15),(118,'1981',7,157),(119,'1998',9,38),(120,'1988',9,190),(121,'1991',8,171),(122,'1981',2,80),(123,'2008',10,46),(124,'1955',8,104),(125,'2009',7,107),(126,'1991',9,101),(127,'1990',7,122),(128,'1985',6,120),(129,'1989',10,160),(130,'2012',2,68),(131,'2008',1,21),(132,'1973',6,171),(133,'1982',10,50),(134,'1930',7,124),(135,'1966',1,83),(136,'1973',5,42),(137,'1933',6,37),(138,'2005',6,22),(139,'1955',4,26),(140,'1989',5,55),(141,'2007',1,34),(142,'2002',6,28),(143,'1994',7,188),(144,'1955',4,16),(145,'2003',8,4),(146,'1978',8,4),(147,'2012',9,200),(148,'2012',7,121),(149,'1940',3,191),(150,'1964',6,195),(151,'2014',8,126),(152,'1926',3,114),(153,'2014',5,124),(154,'1939',10,130),(155,'1934',6,29),(156,'1947',10,68),(157,'1931',4,189),(158,'2003',7,178),(159,'1916',2,193),(160,'1989',1,51),(161,'1956',10,41),(162,'1975',7,111),(163,'2011',6,76),(164,'1904',1,61),(165,'1950',8,176),(166,'2002',8,88),(167,'1970',9,168),(168,'1924',3,179),(169,'1996',1,169),(170,'2003',6,139),(171,'1937',2,120),(172,'1938',4,135),(173,'1990',7,131),(174,'2001',2,4),(175,'1954',2,98),(176,'1992',1,43),(177,'2010',10,57),(178,'1943',5,22),(179,'2007',2,183),(180,'2004',2,173),(181,'2014',2,32),(182,'1964',6,157),(183,'1972',6,22),(184,'1945',2,34),(185,'2011',10,197),(186,'1996',7,165),(187,'2012',4,40),(188,'2007',8,72),(189,'1964',2,27),(190,'2003',9,43),(191,'1995',1,168),(192,'1907',8,49),(193,'1995',8,167),(194,'2000',7,103),(195,'1947',3,122),(196,'1998',4,155),(197,'1923',3,128),(198,'2009',4,44),(199,'1958',7,117),(200,'2000',1,89);
/*!40000 ALTER TABLE `libros_editorials` ENABLE KEYS */;
UNLOCK TABLES;

--
-- Table structure for table `prestamos`
--

DROP TABLE IF EXISTS `prestamos`;
/*!40101 SET @saved_cs_client     = @@character_set_client */;
/*!40101 SET character_set_client = utf8 */;
CREATE TABLE `prestamos` (
  `id` int(10) unsigned NOT NULL AUTO_INCREMENT,
  `isbn` varchar(50) DEFAULT NULL,
  `fecha_prestamo` date DEFAULT NULL,
  `fecha_devolucion` date DEFAULT NULL,
  `socio_id` int(10) unsigned NOT NULL,
  `copia_id` int(10) unsigned NOT NULL,
  PRIMARY KEY (`id`),
  KEY `index_prestamos_socio` (`socio_id`),
  KEY `index_prestamos_copia` (`copia_id`),
  CONSTRAINT `prestamos_copia_fk` FOREIGN KEY (`copia_id`) REFERENCES `copia` (`id`) ON DELETE NO ACTION ON UPDATE NO ACTION,
  CONSTRAINT `prestamos_socio_fk` FOREIGN KEY (`socio_id`) REFERENCES `socios` (`id`) ON DELETE NO ACTION ON UPDATE NO ACTION
) ENGINE=InnoDB DEFAULT CHARSET=utf8;
/*!40101 SET character_set_client = @saved_cs_client */;

--
-- Dumping data for table `prestamos`
--

LOCK TABLES `prestamos` WRITE;
/*!40000 ALTER TABLE `prestamos` DISABLE KEYS */;
/*!40000 ALTER TABLE `prestamos` ENABLE KEYS */;
UNLOCK TABLES;

--
-- Table structure for table `socios`
--

DROP TABLE IF EXISTS `socios`;
/*!40101 SET @saved_cs_client     = @@character_set_client */;
/*!40101 SET character_set_client = utf8 */;
CREATE TABLE `socios` (
  `id` int(10) unsigned NOT NULL AUTO_INCREMENT,
  `dni` varchar(50) DEFAULT NULL,
  `apellido` varchar(50) DEFAULT NULL,
  `nombre` varchar(50) DEFAULT NULL,
  `fecha_nacimiento` date DEFAULT NULL,
  `fecha_ingreso` date DEFAULT NULL,
  PRIMARY KEY (`id`)
) ENGINE=InnoDB AUTO_INCREMENT=11 DEFAULT CHARSET=utf8;
/*!40101 SET character_set_client = @saved_cs_client */;

--
-- Dumping data for table `socios`
--

LOCK TABLES `socios` WRITE;
/*!40000 ALTER TABLE `socios` DISABLE KEYS */;
INSERT INTO `socios` VALUES (1,'63682083','Bergnaum','Lilly','2008-12-11','2014-07-22'),(2,'54419921','Pacocha','Noemi','1998-12-26','2014-08-31'),(3,'29513047','Yost','Jamaal','2009-01-17','2013-05-12'),(4,'12614216','Nicolas','Kaelyn','2014-01-23','2011-07-21'),(5,'58411488','Gutmann','Maximillia','1964-02-09','2007-02-06'),(6,'46941336','Gleichner','Moshe','1977-09-24','2008-06-18'),(7,'35274840','Fay','Foster','1988-08-29','2010-06-26'),(8,'55628314','Mills','Herbert','1969-02-17','2009-05-08'),(9,'01841215','Greenholt','Jackeline','1968-05-04','2012-10-15'),(10,'68162863','Langworth','Giovanni','1997-09-24','2006-06-05');
/*!40000 ALTER TABLE `socios` ENABLE KEYS */;
UNLOCK TABLES;
/*!40103 SET TIME_ZONE=@OLD_TIME_ZONE */;

/*!40101 SET SQL_MODE=@OLD_SQL_MODE */;
/*!40014 SET FOREIGN_KEY_CHECKS=@OLD_FOREIGN_KEY_CHECKS */;
/*!40014 SET UNIQUE_CHECKS=@OLD_UNIQUE_CHECKS */;
/*!40101 SET CHARACTER_SET_CLIENT=@OLD_CHARACTER_SET_CLIENT */;
/*!40101 SET CHARACTER_SET_RESULTS=@OLD_CHARACTER_SET_RESULTS */;
/*!40101 SET COLLATION_CONNECTION=@OLD_COLLATION_CONNECTION */;
/*!40111 SET SQL_NOTES=@OLD_SQL_NOTES */;

-- Dump completed on 2014-11-06 17:41:08
